Ticker,MarketCap,BookValue,InvestmentGrowth,OperatingProfitability(%)
MMM,87990502000.0,8.867,-0.053551720678238185,54031803315.66482
AOS,8747926039.98,13.411,-0.03,5428379688.315562
ABT,195118821172.87,30.018,0.11200043707487639,
ABBV,397325739119.92,-1.85,0.003340484444477437,
ACN,132533961490.65,50.162,0.16917815540888198,20385279693.792114
ADBE,106159405000.0,28.143,-0.024280516043665233,30934868350.922077
AMD,326326730226.45,38.65,0.11122988472539219,9557567917.205692
AES,11757116785.44,5.427,0.05819326324248309,37331859222.40649
AFL,59146220700.0,56.855,-0.07226728954262808,
A,34760991387.3,23.815,0.07437109572851595,6210371614.528658
APD,62606416329.44,69.216,0.03752154159486135,4173890429.958391
ABNB,54170786139.75,13.62,0.059592537811918506,18678414096.9163
AKAM,13547789368.29,34.395,0.04734810587071543,1850135194.0689054
ALB,19847828792.399998,61.999,-0.014174772748057469,108525943.96683818
ARE,9297564367.65,90.713,-0.09181583325847702,611869302.0845965
ALGN,13633934049.900002,56.486,0.021486792057104374,1189257515.1364942
ALLE,13949220859.419998,24.023,0.04089064130812942,3249802272.821879
LNT,18253382455.890003,28.522,0.06954842962753685,3106374027.066826
ALL,53676837000.0,110.035,0.07986494069387202,
GOOGL,1833813560000.0,34.353,0.32209454177179203,375626582831.1938
GOOG,1712426199999.9998,34.353,0.32209454177179203,375626582831.1938
MO,113133687328.29,-2.088,-0.08796992481203007,
AMZN,2255514223995.7,38.306,0.3090892215319718,208779303503.36765
AMCR,23328686888.100002,25.193,1.2431614621157105,5223673242.56738
AEE,30417820000.0,48.484,0.0922850844966936,3126804719.082584
AEP,69971248762.01001,57.571,0.11042123440501368,9353667645.168573
AXP,237692036250.9,48.796,0.10532267986929983,22200590212.312485
AIG,43160859291.72,76.441,-0.00042151721401916664,5592548501.458641
AMT,87688543954.13,8.441,-0.07497167851019877,54531453619.239426
AWK,25250069318.57,55.524,0.0835698725988514,3094157481.4494634
AMP,43065297000.0,71.759,0.03545844249990011,
AME,53754906384.229996,46.406,-0.026116626495245824,
AMGN,202015611206.25,16.069,-0.013643441239560536,56506316510.050415
APH,185660623027.19998,10.935,0.6901381516963461,54613625971.65066
ADI,173477810082.84998,69.207,-0.0048843751975630395,4338399294.869017
AON,69647709014.72,43.599,0.03714898396814051,10800706438.221062
APA,10306688434.06,16.772,0.27197585935450014,19073455759.599335
APO,69315652968.56,37.899,0.2054528403001072,21897675400.40634
AAPL,3884336021200.0,5.998,-0.015724149268453065,2218239413137.7124
AMAT,297947162030.18,27.365,0.05492748990089802,30951945916.31646
APP,128934599400.0,6.31,0.09517712294793967,
APTV,16928390267.569998,43.277,-0.0019183221075965554,4660674261.154885
ACGL,35357910000.0,65.393,0.2037143924218246,
ADM,32621073611.8,47.36,-0.024894290787281947,4375000000.0
ARES,26707534563.88,13.676,0.0062193647520268494,6917885346.592571
ANET,167220464445.3,9.845,0.4105087712866847,
AJG,55637873760.0,90.743,0.24487463141131205,
AIZ,11233693784.1,117.92,0.04118899248406431,877120081.4111263
T,195876150083.98,15.706,0.06434478653478387,159174837641.6656
ATO,29939486057.62,86.336,0.12125905432006594,1806860405.85619
ADSK,48119760000.0,13.646,0.09291767554479419,10032243880.990767
ADP,86355136747.08,15.864,-0.018273558892402328,34114346949.06707
AZO,62104808374.92,-194.67,0.12684663230739512,-1854500436.6363592
AVB,25038351664.8,83.949,0.015597236782635096,1090840867.6696568
AVY,15221008986.48,28.968,0.02367901775926332,3850455675.227837
AXON,34468624957.880005,38.379,0.31251382299642083,152531332.23898488
BKR,61478193287.1,19.086,0.06563615984151396,18636697055.433304
BALL,17829189214.36,20.428,-0.08677407656840906,5791071078.911298
BAC,382693358145.7,38.441,0.025586206441140687,
BAX,11102695171.099998,11.918,-0.22213171980451477,1485148514.8514853
BDX,52737272243.49999,88.789,-0.0342317494675837,3363029204.0680714
BRK-B,683938993249.7999,485274.34,0.07841563097559015,23816631.227606222
BBY,13510823441.44,12.633,-0.012360526491614886,13725955829.96913
TECH,8999193355.84,12.901,-0.05399636890423974,1882055654.6004188
BIIB,28182040131.84,124.365,0.049562734185879864,1985285249.0652516
BLK,169623564000.00003,357.9,0.12502130491595717,2106174909.1925123
BX,90793402006.36,11.064,0.07899081924357239,25094974692.697037
XYZ,29146837740.0,36.943,0.11341624739777184,4565270822.618629
BK,81342612840.0,57.36,0.015094772334139266,
BA,182224086684.88,6.943,0.07592589039606557,-78006625378.07864
BKNG,131410494653.85,-174.891,0.13827951688439732,-4319833496.291976
BSX,110603617280.64,16.341,0.12121470856102004,18370968728.963955
BMY,123532494945.29999,9.073,-0.027698886645141085,151261986112.6419
AVGO,1577184729237.3499,59.221,0.032883576322859126,44029989361.88177
BR,20666857529.300003,24.672,0.03671260797825876,4817607003.89105
BRO,23689829400.57,37.342,0.7028730411083353,4022280542.017032
BF-B,8834894333.24,8.81,-0.00979671809943669,13246311010.215664
BLDR,12224683229.55,39.357,0.00796555858343845,4053278959.2702694
BG,23580379681.65,82.23,-0.018642598139681537,
BXP,9652420382.24,32.464,0.0022604573577135827,3147889970.4287825
CHRW,22545075519.98,15.584,-0.045214863325761814,5101135780.287475
CDNS,80647712280.0,20.141,0.5829431601531778,6824527084.057397
CPT,11085360112.0,41.015,0.02155918385421656,704391076.4354504
CPB,7998941793.349999,13.279,-0.02225139481457171,10189020257.549515
COF,130283341999.99998,173.106,0.024411449973247727,2743983455.2239666
CAH,52814326631.04,-12.22,0.17732319762416612,-19001636661.21113
CCL,39562244517.88,9.363,0.053611105448763685,47869272669.01634
CARR,53611026591.48,16.509,-0.00569473036922172,11551275062.087347
CVNA,39366699140.0,24.193,0.19983029274501485,4092092754.102426
CAT,353497397613.68,45.817,0.12329656806891208,24338127769.168648
CBOE,30208778301.52,49.101,0.04028046744574291,2404635343.475693
CBRE,43391259023.54,30.494,0.2663331009309765,4243457729.389388
CDW,16227337782.4,20.14,0.10491847703355765,
COR,70241138656.56,9.81,0.1414040131074538,40098083588.17532
CNC,21263572680.0,40.575,-0.025944873052066966,7857054836.722119
CNP,28073335739.0,17.083,0.10205212136472365,11649007785.517767
CF,15157615903.920002,31.033,-0.06329994435169728,5513485644.314117
CRL,8313477361.32,64.3,-0.08134910538754053,687942457.2317263
SCHW,167085364483.1,23.855,-0.02703891901098589,
CHTR,29145517317.84,126.777,0.02794960671910412,10509792785.757668
CVX,364181400000.0,94.952,-0.017941230430528376,
CMG,48892959420.0,2.17,-0.022798182690099294,92756129032.25807
CB,129696988897.74,188.588,0.06877866500203744,6467007444.800305
CHD,24398442362.28,16.919,0.00329839808175074,6369170754.77274
CIEN,47383184587.2,19.355,0.039588133096817295,1605745285.4559546
CI,73851593840.0,153.726,0.020424061115075182,
CINF,25333217619.0,102.387,0.11388812597271812,
CTAS,79985926992.92,11.142,0.07159309647035163,21178657332.61533
CSCO,312926689389.60004,12.085,-0.017056095424111628,103467107985.10548
C,202710000000.0,110.009,-0.02441668871074875,
CFG,27747182965.530003,56.392,0.040593781749808065,3246914455.9511986
CLX,14944706266.8,-1.034,-0.033037732568249004,-113829787234.04254
CME,110761216848.01,79.882,0.05968030801943779,4921634410.755864
CMS,23245089549.86,29.111,0.11194320712694877,5932465391.089279
KO,343440450184.8,7.478,0.029129095319488655,
CTSH,31100397207.600002,31.347,0.0363618150856456,10613455833.094076
COIN,38218122985.299995,55.232,0.3162938735870733,2636415483.7775207
CL,76648715334.78,0.067,-0.02116757152443116,6462686567164.179
CMCSA,112460506739.46,26.886,0.024116208571396375,76880160678.42
FIX,51575703448.5,69.727,0.4251929843455564,1070373026.2308717
CAG,8835484203.25,16.913,0.0034320281081184722,8669071128.717556
COP,135417819040.0,52.635,0.27997164421833953,
ED,39634339114.48,66.986,0.06378616333237852,4078464156.6894574
STZ,27119089196.25,44.472,-0.15722587450421732,7565659291.239431
CEG,106817607187.2,45.953,0.04271247882107254,10549909690.335777
COO,16475872645.819998,42.057,0.006463557230089645,1623748721.972561
CPRT,35313285112.32,10.121,0.19734036216486367,16764292066.001383
GLW,119692340686.59,13.777,0.11685595817559041,16542062858.387169
CPAY,24674206351.2,55.982,0.1602958519931053,3136449215.8193703
CTVA,51320306440.0,35.92,0.049479485609308024,7291202672.60579
CSGP,21136042587.17,20.344,0.03779275087727166,23102634.68344475
COST,437331214575.97,68.262,0.10407984992338647,15210512437.373648
CTRA,23730386134.24,19.264,0.059270144501591966,7194767441.860466
CRH,82864093164.72,35.899,0.0662326992352904,13507340037.326944
CRWD,97965453784.0,15.934,0.30919308149226965,-755805196.4352956
CCI,38326507670.1,-3.759,-0.15031017208710773,-60574620909.816444
CSX,78677848165.69,7.074,0.02146665419511739,66694939214.023186
CMI,81970805888.64,89.421,0.0777425491439442,4322250925.397837
CVS,97565866421.47,59.177,0.0012755958375293723,17549047771.938423
DHR,148095550000.0,74.316,-0.08221285863081147,
DRI,25016304630.23,18.043,0.11163119314669258,7960427866.762733
DDOG,37640780521.18,10.587,0.46982550115953164,
DVA,10076149770.0,-9.498,0.01127173729675467,-21168825015.7928
DECK,16848042057.99,18.334,0.1386260719312127,6431177048.107342
DE,179584117680.42,97.299,-0.012336936265374581,8649626409.315615
DELL,40828130261.89,-3.928,-0.028979860214791906,-158783095723.01425
DAL,45353396363.52,32.1,0.07887544446213449,18137071651.090343
DVN,27533533164.8,24.965,0.2449571253572887,16595233326.657318
DXCM,28125922653.36,7.136,-0.022299329169558176,12777466367.713005
FANG,50079353320.14,136.254,1.3203337815937382,3448706093.032131
DLR,60366361201.920006,64.6,0.09113344658695101,1427453560.3715172
DG,33158706727.44,37.19,0.010947735992467234,4608964775.477279
DLTR,26747742183.37,17.264,-0.15344972415828548,8468489341.983318
D,56324119750.92,31.265,-0.0611019435276861,12301295378.218456
DPZ,12994517304.98,-112.88,0.037085221258117654,-778842133.2388377
DASH,71632729630.93,23.104,0.18507242365531876,-164473684.21052632
DOV,31465732512.06,54.916,0.07300754007463331,2500839463.908515
DOW,21899139877.44,22.319,0.021391680625348967,707917021.3719252
DHI,47546121187.4,82.601,-0.017535307428755025,5356109490.199877
DTE,30114036740.0,59.222,0.09140878114177187,3723278511.3640203
DUK,98591889978.72,65.384,0.053422125239551595,
DD,20627542382.449997,34.016,-0.04969910769869267,5376881467.544685
ETN,145020792000.0,50.039,-0.0013270191507077436,9256779711.824776
EBAY,39807640000.0,10.278,-0.10430157261794634,22553025880.5215
ECL,86148956216.48001,23.458,0.024772733514597238,
EIX,28374197509.44,44.393,0.046735487658700066,6600139661.65837
EW,46296334000.0,17.574,0.39432031784005467,
EA,50150844085.200005,24.593,-0.07839046199701938,6412393770.585126
ELV,75686251454.31,198.809,0.039396350383697355,4080298175.6359124
EME,36385246600.56,74.509,0.16744307361838723,1804967185.172261
EMR,83524440000.0,36.08,-0.051575283641459115,9789356984.478935
ETR,47052340747.299995,129.318,0.0851984366182453,2132900292.3026958
EOG,66783018087.56,55.693,0.07590578470939645,14818738441.096725
EPAM,7670437509.299999,67.753,0.09146935057147092,803778430.4754033
EQT,37756284731.0,38.061,0.5752462181479384,727574157.2738498
EFX,23774184000.0,38.242,-0.04239413680781759,2725014382.092987
EQIX,91191381226.08,144.116,0.14410716830554368,1364178855.9216187
EQR,23817717534.600002,29.18,-0.004231172857520259,2980644276.9019876
ERIE,12611463126.720001,44.155,0.16855018924223816,1715046993.5454648
ESS,16401777840.0,85.99,0.04578209295739076,614621467.6125132
EL,28239906216.77,11.146,-0.08234534299026618,10236856271.308092
EG,13938936000.0,379.877,0.14052916050932204,432245174.09582573
EVRG,18476987197.440002,44.39,0.04216153744338377,3307051137.6436133
ES,27598913506.2,43.145,0.07160804243741643,
EXC,48884036637.15,28.162,0.08151488161508201,18269299055.46481
EXE,25736617457.82,77.651,0.9403171953255426,-897605954.8492614
EXPE,23809483945.079998,10.482,0.09219224584598892,20635374928.44877
EXPD,20947471515.300003,17.016,0.05098557432464545,6119669722.614011
EXR,32420817845.0,63.617,0.05068657925831273,2202287124.510744
XOM,615483120000.0,62.069,0.2050345852034322,63883742286.80984
FFIV,15734400410.47,62.198,0.12586629191783935,1272441236.0526063
FDS,7236210467.950001,58.208,0.06146227904040404,1285567275.975811
FICO,32035555860.3,-76.09,0.08746166795895416,-1229822578.5254304
FAST,53068843086.2,3.435,0.07554278416347382,48200873362.44541
FRT,9270359745.85,35.807,0.07105223057971037,1283304940.3747869
FDX,91340511559.68001,119.745,0.007125863436275242,5005636978.579481
FIS,25442008035.32,26.703,-0.3854437633019846,6594764633.187283
FITB,48260597942.619995,30.179,-0.007675673660368917,
FSLR,25955693145.079998,84.013,0.16972567257223545,1658951590.8252294
FE,28998810861.0,21.649,0.06719707999261795,10970483625.109703
FISV,33061755493.89,48.3,-0.15088568599405874,12171842650.10352
F,54899910317.49,9.013,0.01389921317269527,-101730833240.8743
FTNT,59491848160.0,1.665,0.34498339968865804,
FTV,18264952000.0,20.592,0.006167291476956918,
FOXA,11443563669.12,25.697,0.05566175131986164,12565669144.258085
FOX,11740691099.5,25.697,0.05566175131986164,12565669144.258085
BEN,14409524606.160002,23.337,-0.002963236766313974,4712688006.170459
FCX,92387778664.40001,13.161,0.060512689614935826,49403540764.37961
GRMN,47872133213.4,46.582,0.11936418479354324,3421909750.547422
IT,10830323696.619999,4.515,-0.052640693472542764,26040110741.97121
GE,359973807910.64,17.809,0.0570813707974663,48739401426.245155
GEHC,38387802874.41,22.774,0.11535555622714497,12127865109.335207
GEV,223801095137.76,41.472,0.2239681460619598,3349247685.185185
GEN,13536585348.900002,3.848,-0.018869119230038624,42099792099.7921
GNRC,13449801086.539999,44.863,0.0031451047962504555,1196402380.5808794
GD,95020369107.78,94.902,0.024498926270579813,5643716676.150133
GIS,23808432454.219997,17.46,0.050880365047235615,18827033218.785797
GM,73682419698.03,67.61,0.0054439324995263815,4302617955.92368
GPC,16423385630.0,32.14,0.07314213009088039,4488911014.312384
GILD,187838894922.2,18.226,-0.050382293762575456,57637441018.32547
GPN,23092569599.79,96.703,-0.0727687851494159,2130720866.984478
GL,11494281461.999998,70.84,0.03652860048584213,2052130152.4562392
GDDY,12249234080.16,0.678,0.08863302885695779,137595870206.48965
GS,276606069984.64,357.459,0.020941840674368935,
HAL,29406322392.95,12.528,-0.02255051393285653,24672733077.90549
HIG,39372411000.0,67.329,0.053881219067465486,6012268116.264909
HAS,14238594353.58,4.025,-0.030668562430246602,18072049689.440994
HCA,119034097059.99998,-26.834,0.02028128308100751,-44588954311.69412
DOC,11808797509.029999,10.791,0.019949739834303454,5042461310.351218
HSIC,9367362892.99,28.347,-0.03357609004066963,2578756129.396409
HSY,32860017506.16,22.859,0.0877026946533634,12805752657.59657
HPE,28396636448.280003,18.727,0.06516797171002779,8778768622.844023
HLT,72446978675.4,-23.382,0.015252390751724973,-11517406552.048584
HOLX,16839363184.150002,23.514,-0.015410659676714723,3340137790.2526155
HD,380534265141.25,12.177,0.2559649810531818,176775888971.01093
HON,154893432135.76,21.886,0.22220235676554245,34999543086.90487
HRL,13747181302.05,14.363,-0.0030971968247368443,6232625496.066282
HST,14028865412.4,9.535,0.06575185820468839,8085998951.232302
HWM,103482630260.3,13.329,0.06274360680673068,15867656988.521269
HPQ,17065332282.57,-0.376,0.04660602871532737,-963829787234.0426
HUBB,28001810621.46,72.256,0.20168815806767235,1672940655.4472985
HUM,22831436498.440002,146.42,-0.012450865823860619,1626143969.4030871
HBAN,36556560961.91,13.785,0.10221808745042354,16039173014.14581
HII,17171422988.16,129.276,0.050078247261345854,472632197.7783966
IBM,240376505574.96002,34.862,0.014300397068936195,
IEX,15529760981.279999,53.988,0.15005455909431903,
IDXX,50758296427.799995,20.14,0.010281831637230917,
ITW,85013236000.0,11.175,0.07174620030530297,37727069351.23042
INCY,20164147721.52,26.038,0.278023783310392,5157039711.191336
IR,37391233468.4,25.797,0.15718186783178592,
PODD,17016211157.22,21.526,0.1929912680627463,1435008826.5353527
INTC,220329450000.0,22.884,0.0760566964399318,-100506904.38734487
IBKR,33132833726.214996,12.042,0.17068872757327427,
ICE,87461741967.12999,50.996,-0.018224459936311214,9802729625.853008
IFF,20843684286.81,55.391,-0.07460132997611207,1530934628.3692296
IP,24749155917.789997,28.112,-0.019818580456558186,
INTU,105897200002.35,69.377,0.150192954064484,7117632644.824654
ISRG,179003395959.85,50.194,0.09152652695377524,5868231262.700721
IVZ,11752680000.0,27.547,-0.06652772881543385,3020655606.781138
INVH,15509420901.7,15.603,-0.02705462217379594,4750631288.854708
IQV,28089152000.0,38.343,0.008170608298039804,
IRM,32627664869.74,-3.317,0.1286471766615742,-42324992463.06903
JBHT,21773136000.0,37.688,-0.03212310733350194,2205542878.369773
JBL,28625820931.03,12.582,0.06869921042014869,11413129868.06549
JKHY,11488323311.92,30.527,0.04085818988052923,1862990139.8761754
J,16199425124.09,29.288,-0.043070821043106965,2948763998.907402
JNJ,584376392990.64,33.865,0.10608315195664728,75582459766.7208
JCI,88008999760.73999,21.575,-0.11139477690596089,13107763615.295483
JPM,837951998000.0,126.988,0.10544731781191931,44923929820.14049
KVUE,35867228698.079994,5.618,-0.08078704534846146,46902812388.75044
KDP,40132545512.5,18.64,0.02493765586034913,17752145922.74678
KEY,24473302200.0,16.22,-0.005911377143737287,-992601726.2638718
KEYS,41771435270.4,34.338,0.21922537490559932,2551109557.9241657
KMB,36186176886.42,4.525,0.033361537531729726,51955801104.972374
KIM,15618735898.990002,15.416,0.1114080961487296,
KMI,72817913373.81,14.007,0.018779671460781158,33725994145.784252
KKR,90197097575.92001,30.535,0.13490702890075573,
KLAC,196090610056.0,41.678,0.041102620094409806,12030872402.706465
KHC,28883371924.399998,35.189,-0.07363484997791295,13177413396.231777
KR,41995870257.6,12.338,0.041797841797841795,31196304101.150917
LHX,66518498304.82,105.088,-0.019190019285255114,2045904384.896468
LH,23433343000.0,104.864,0.09888730112226533,1085215135.7949343
LRCX,305848993320.0,8.109,0.1387340483148115,72770600567.27094
LW,6703732000.68,12.633,0.0034749558843491244,6056360326.129977
LVS,38977541041.229996,2.356,0.06067937675408884,131112054329.37183
LDOS,22182872342.0,38.898,0.032217408428515164,4666049668.363412
LEN,25128544153.32,88.907,-0.16659115734668165,3093577558.572441
LII,19520932010.5,33.426,0.24068184254726083,3113743792.257524
LLY,952338182638.4,29.655,0.42890173410404625,100138256617.77103
LIN,231844813234.3,82.027,-0.008216703171597926,10478257159.22806
LYV,37773478209.49,1.158,0.03200959135327836,70250000000.0
LMT,151452618782.4,29.349,0.07593002139633566,26341613002.14658
L,22618423978.98,90.707,0.053756879782287686,2998666034.5949044
LOW,157268350484.52002,-18.506,0.03127168321569566,-56554630930.50902
LULU,21013194679.300003,38.183,0.07210310971284166,6562336641.961082
LYB,18240540869.88,31.302,-0.033891891891891894,8836496070.538624
MTB,35736180398.12,173.501,-0.0007634540775169977,
MPC,58044200000.0,56.801,-0.08290788142393618,
MAR,92196075873.22,-14.184,0.05186769536322664,-29180767061.477722
MRSH,86813161047.95999,31.143,0.03946459871461199,19982018431.108112
MLM,41367081669.420006,166.401,0.20132231404958678,1656841004.5612705
MAS,15301072437.750002,-0.906,0.036881977671451356,-138300220750.55188
MA,465986757754.25995,8.654,0.12637008381689233,225491102380.40213
MTCH,7514114115.87,-1.09,-0.00934251664749286,-82338256880.73395
MKC,17370675935.0,21.373,0.009953864869207288,5108782108.26744
MCD,234462576650.5,-2.508,-0.017187026911500168,
MCK,116054414810.88,-10.553,0.11412600269857509,-45636311949.208755
MDT,124175896186.88,37.951,0.018881763927940342,17232747490.18471
MRK,303452075251.36,20.845,0.09778298570424186,
META,1434044962253.68,85.867,0.3259036275511313,96982542769.6321
MET,51834230000.0,43.334,-0.014728382277656257,15366686666.358978
MTD,27999048137.5,-1.161,0.14587874872800888,-96338501291.98965
MGM,9411931214.01,9.407,-0.0203127622812164,14221824173.487827
MCHP,42062459150.340004,12.123,-0.031411435627346725,3097418130.825703
MU,481909300282.37,52.226,0.1927797625907572,18781832803.58442
MSFT,2949682637859.48,52.615,0.20860546349502013,244280148246.69772
MAA,15602779139.4,48.451,0.013800280028502327,1278483416.2349591
MRNA,19485886427.32,21.954,-0.2324975577987626,-17969390543.864445
MOH,7776500000.0,79.784,-0.004222648752399232,978893011.1300511
TAP,9238952047.5,53.618,-0.011783841577851837,3386735797.679883
MDLZ,75372525337.2,20.161,0.04365154678307079,17955458558.60324
MPWR,58650506899.99999,76.384,0.48585558462556583,706113845.8315877
MNST,81835297052.16,7.928,-0.20311036303845695,24347805247.225025
MCO,79891088000.0,22.834,0.060388455751607166,13037575545.239555
MS,277674030000.0,64.367,0.017909127388700444,
MOS,9341313820.11,40.266,-0.004723698377965336,1543485819.301644
MSI,76660318117.12,14.544,0.32846865364850975,20345159515.951595
MSCI,39977960992.62,-36.085,0.04719913307265034,-4748696134.127754
NDAQ,46538498490.72,21.455,0.02164829741733838,11340013982.754602
NTAP,20297224463.04,4.98,0.09466976838272478,28614457831.3253
NFLX,333350227157.8,6.304,0.0366698729343189,211399159263.95938
NEM,133275947869.53,31.113,0.015187547292184628,18995275286.857586
NWSA,8737935417.199999,15.767,-0.07072644449772236,6063296759.0537195
NWS,4907059809.75,15.767,-0.07072644449772236,6063296759.0537195
NEE,192059054641.52002,26.216,0.1187363261528105,30592004882.514496
NKE,77923815510.0,9.518,-0.040173182891629494,38894725782.72746
NI,21943792369.73,19.752,0.022875291210276344,7414439044.1474285
NDSN,16163466024.12,55.789,-0.013878598878913828,1298230834.0353835
NSC,71016411465.75,69.276,0.03557529417151229,6598244702.35002
NTRS,26974288880.0,64.791,0.0313383926978554,
NOC,102688808090.76,117.425,0.040884134605644364,3644879710.453481
NCLH,11067309557.59,4.817,0.024461152445058455,30431928586.257004
NRG,38683064125.44,6.866,-0.07742530148244874,33236236527.818237
NUE,41196847206.59,91.304,-0.039615166949632144,
NVDA,4613575100000.0,4.892,0.6979217380720545,1665024529844.644
NVR,21178377056.0,1380.613,-0.08212803409127238,122359995.16156954
NXPI,58456429379.170006,39.77,0.001314006487907034,8730198642.192606
ORLY,78718513753.0,-0.907,0.07357791161894026,-358451708930.5402
OXY,51073308898.560005,28.14,0.15453734731380392,19875621890.547264
ODFL,42110334630.21,20.642,-0.003809234936623713,7479885669.993217
OMC,26193901064.640003,38.473,0.056199767513175444,5912198164.946846
ON,27230758828.3,19.341,-0.11112293999914832,3883460007.2385087
OKE,54950791872.81,35.058,0.44736366511543846,14438929773.51817
ORCL,425595395280.00006,10.425,0.19425292248325957,173160671462.82974
OTIS,36022754033.91,-13.833,-0.058589607635206785,-16041350393.985397
PCAR,67492884000.00001,36.665,0.06357873180577805,13343515614.346106
PKG,21343460063.07,53.211,0.01752082109410098,2204055552.423371
PLTR,308933331782.88,3.089,0.4020982105839234,10048656523.14665
PANW,120160682908.4,13.361,0.17934660270423042,9302447421.60018
PSKY,11477553323.67,10.934,-0.13766505425545822,14706420340.223158
PH,129022322439.67,113.385,0.0066898764420779576,3580720553.8651495
PAYX,32752190138.0,10.809,0.5952942762758714,20424646128.22648
PAYC,6286108000.0,32.364,0.3960452650387135,
PYPL,38345678174.299995,22.017,0.01839314067958082,29050279329.60894
PNR,16696381016.4,23.679,-0.017795925829994057,3786055154.3561807
PEP,225415094801.82,14.928,0.07974504106889722,90373794212.21864
PFE,151524106260.8,16.321,-0.05785846420104106,90864530359.65933
PCG,40354691635.44,14.086,0.05948675744426156,34424251029.390884
PM,285495034788.60004,-6.42,0.11978829470413052,-232601246105.91904
PSX,62754966776.25,72.526,-0.038661739579608216,2407412514.132863
PNW,11770353837.66,59.888,0.05845659365561699,1689926195.565055
PNC,94193003458.75,140.433,-0.002745824281491506,
POOL,8255230644.08,32.222,-0.017468731658765228,1915473899.8199987
PPG,28393332000.0,35.542,-0.10227745184090174,6434640706.769455
PPL,27695834786.879997,20.106,0.046717300438372925,8654133094.598627
PFG,20818224000.0,54.669,0.02824780599167275,2873657831.677916
PG,373652830134.3,22.493,0.023379913377461797,90921620059.5741
PGR,119611288000.0,51.737,0.19228557576304248,
PLD,131443969169.99998,57.18,0.035617180933015816,5971147254.284715
PRU,35997120000.0,93.228,0.05186742016919821,3835757497.747458
PEG,42712605726.32,34.086,0.07684121322007843,6920729918.441589
PTC,18463437358.56,32.319,0.03659880361091068,3088053467.000835
PSA,53529466335.0,27.91,0.022964895757181473,8099215335.005374
PHM,26903662211.34,67.378,0.03943039305477736,4420705571.551545
PWR,82410386109.42,59.757,0.15068270594267186,2180578007.5974364
QCOM,152452960000.0,21.483,-0.09085469775537586,57692128659.87059
DGX,22314156492.42,65.182,0.1519754671230923,2064987266.4232454
Q,23765693991.239998,43.554,-0.019415148609779484,1926344308.215089
RL,14883387399.109999,47.663,0.06735225517220489,2076873046.1783774
RJF,31191627515.62,63.396,0.06311451706188548,3367720360.906051
RTX,275061590565.92,48.607,0.050460208398573014,19133046680.519268
O,60723515297.1,42.451,0.1913431123852763,5467310546.276884
REG,14056369212.849998,36.632,0.049170748681342684,1591682135.8375192
REGN,81009786922.2,304.648,0.07413518223276853,1215172920.8791785
RF,26092080000.0,20.362,0.033562426902506014,
RSG,67949209980.5,38.857,0.03158229863100923,8297089327.534292
RMD,37748187267.12,43.394,0.18945319491286441,3888542194.7734714
RVTY,11374976054.93,64.041,-0.08641474006177079,541435955.0912697
HOOD,60152145382.56,10.141,0.48587153881071266,10413174243.171286
ROK,44807210131.32,33.34,-0.0011574074074074073,4268146370.7258544
ROL,29515007758.350002,2.856,0.11378110043816796,25422549019.607845
ROP,35795214000.0,186.506,0.11244164373835093,
ROST,65157980745.6,18.175,0.042322964111672155,14226057771.664375
RCL,85240762992.26999,37.116,0.12271378473158888,13228796206.487768
SPGI,124743024000.0,104.173,0.016256787499377295,5929559482.783446
CRM,173494920000.0,63.717,0.03110505594902978,12031326019.743555
SNDK,95914284832.53,69.007,-0.03857544794905968,734708073.094034
SBAC,21263581020.0,-46.21,0.12171755969308069,-3396740965.159056
SLB,76037606012.25,17.46,0.12124246449371616,31260022909.507442
STX,89652018574.37001,2.104,0.03669724770642202,91017110266.15968
SRE,61058356289.549995,47.741,0.1029352725937991,6204310760.143273
NOW,109066420000.0,12.379,0.2774370799195408,14734631230.309395
SHW,89397837593.19,18.671,0.02954553375387725,20148358416.7961
SPG,65596040979.0,15.89,-0.054772828732893186,
SWKS,9029935400.6,38.418,-0.044221505921553,1364464573.8976521
SJM,11776919814.26,56.799,-0.13369044624316231,2912903396.1865525
SW,25461804171.72,35.186,2.1142979147391645,3984539305.4055595
SNA,20032235131.48,114.365,0.06527960692938913,1160932103.3532987
SOLV,12651264807.58,28.748,0.03686437638958617,3603728955.057743
SO,103834186694.9,32.179,0.0419791719000079,21964635321.17219
LUV,25592754099.100002,15.48,-0.13893333333333333,2764857881.136951
SWK,14243221289.439999,59.788,-0.07669520533473069,
SBUX,111070357000.0,-7.364,0.0217107593341268,-48625746876.69745
STT,35705227421.58,87.008,0.1883279844444893,
STLD,28241681382.01,61.508,0.001798513859952966,
STE,24582505016.25,72.931,-0.08287338310150758,1317464452.7018688
SYK,145509714895.25,58.614,0.1134020618556701,8631043777.937012
SMCI,19419237255.760002,11.674,0.42665354649640974,10733201987.322254
SYF,25503138990.230003,44.744,-0.003080451687970334,7938494546.754873
SNPS,84168531547.64,152.304,2.688701265095256,600724209.4757853
SYY,43166019394.369995,4.767,0.07452743107115624,64778686805.118515
TMUS,237407345744.94,53.484,0.05384670848655274,34696357789.24538
TROW,20799793297.379997,49.688,0.06456353919239904,4985912091.450652
TTWO,36983242072.32,18.885,-0.24852458479647047,-3915276674.609478
TPR,31805104791.07,2.719,-0.5087822757029926,46700993012.13682
TRGP,49661258781.4,14.292,0.0997639296045821,18859501819.199554
TGT,52837980916.42,34.234,0.04359057735385505,16258690191.038149
TEL,68877826901.29,44.217,0.09744464863918789,7653165072.2572775
TDY,31397064026.64,227.645,-0.02253594807232979,
TER,50874207229.55,17.911,0.06363670778909403,3083244933.2812233
TSLA,1545326539650.88,21.897,0.12890964200868354,22144586016.349274
TXN,199416131571.02,17.942,-0.026021571995832042,34221380002.229404
TPL,34460842412.4,21.163,0.07923050714373425,2547549969.286018
TXT,17550348776.489998,45.178,0.07667181375460269,2215680198.326619
TMO,191960518584.87,142.061,-0.014231306849259566,
TJX,175709208441.84998,8.428,0.06730090429286988,74774560987.18556
TKO,16662089065.44,48.423,0.0007247016899488675,584230634.2027549
TTD,11052005168.1,5.365,0.2502234239991229,7962106244.175209
TSCO,27984254391.2,4.898,0.06718805557287859,
TT,103388559463.6,38.737,0.06323616274625621,10241887601.001627
TDG,75616971385.74,-164.367,-0.10462753068084109,-2548565101.267286
TRV,65937423456.86,151.237,0.07897799367815661,5435839113.444462
TRMB,16088215450.44,24.584,-0.0053463042361598856,1938659290.5955095
TFC,66052430400.0,47.742,-0.007794915092771258,
TYL,13640220053.279999,85.87,0.1076305904445114,348813322.46419007
TSN,18012987709.46,51.19,-0.011913746630727763,2815002930.259816
USB,91216300000.0,37.547,0.02234694969487152,
UBER,152012446504.38,13.077,0.20603387713683552,42555632025.69396
UDR,12201909045.480001,9.886,-0.04182237571309922,2861430305.482501
ULTA,30294483637.079998,59.166,0.051635085336264465,2668189500.726769
UNP,157901467506.0,31.129,0.02928450121834158,31629670082.55967
UAL,36557340259.57,47.244,0.031923653199789424,10524087714.842096
UPS,86262309003.42,19.113,-0.011106877231607321,
URI,57272245419.17,142.133,0.060469410219081775,2795972786.0525002
UNH,262693199800.0,109.989,0.08971942130644454,
UHS,12730815743.49,114.747,0.035950838232647234,1465671433.675826
VLO,61233715049.64,77.879,-0.0461970312103527,
VTR,40818511350.56,26.377,0.053654257589651866,3251029305.8346286
VLTO,23111516872.6,12.5,0.1252415246794309,
VRSN,19798947000.0,-23.441,-0.05730536793458941,-4782219188.601169
VRSK,25435494025.0,2.233,-0.02322438789766611,56153157187.63994
VZ,207687250000.0,24.77,0.011718452091359745,115809446911.5866
VRTX,121148905211.0,73.49,0.13800969236504357,6197305755.885155
VTRS,18336176362.24,13.128,-0.1296956097765568,2965417428.397319
VICI,32160534153.39,25.892,0.02971184122067077,13691232813.224163
V,539547100684.89996,20.034,0.05413126514373988,132554657082.95898
VST,58074688986.0,8.073,0.1457258994115149,50551220116.43751
VMC,40338243987.450005,65.276,0.1759351560942409,2142900913.0461428
WRB,26808248480.0,25.795,0.09045889046601374,
GWW,53591431252.59,78.787,0.08371179575303793,3346998870.3720155
WAB,45149541568.2,65.311,0.180034220938937,2745326208.448806
WMT,980250834902.36,12.497,0.033375726528235054,234840361686.8048
DIS,187037065868.58,61.079,0.006599768625872113,22646081304.54002
WBD,71285242280.0,14.541,-0.14823594581164415,123787910.04745203
WM,92892263722.11,24.793,0.028451544865034668,18581857782.43859
WAT,32696182701.57,43.013,-0.015790210799822083,1948064538.6278565
WEC,37213270082.46,41.829,0.07791359522254362,5175595878.457529
WFC,274315291995.0,53.194,-0.0013573316608606197,37075610031.20653
WELL,145265099220.7,60.487,0.31852207693755,587180716.5175989
WST,17371107501.44,44.111,-0.04859642250946599,1339575162.6578405
WDC,96802107489.43999,20.915,-0.42111790970729285,10184078412.62252
WY,18218411200.0,13.082,0.004656507014997581,3416908729.552056
WSM,25650139565.460003,17.176,0.005320706287304107,8326641825.803447
WMB,89181560000.0,10.452,0.03619814923898379,
WTW,28696045001.35,83.887,-0.04843588862151942,2549858738.5411325
WDAY,29353530000.0,33.633,0.09269389739849258,1483661879.7014837
WYNN,11943548402.73,-3.594,-0.07275248472391445,
XEL,48240068488.15,35.813,0.09294776759936953,
XYL,31344011999.999996,47.107,0.023646971201588877,2273547455.792133
YUM,45242410000.0,-26.444,0.07960199004975124,-9087127514.748148
ZBRA,12564053118.64,72.349,0.06701807228915663,1105751288.891346
ZBH,19570428556.25,64.95,-0.006121812912559485,
ZTS,54361606365.020004,7.839,0.08639460560511343,45885954841.17872
